tipo;categoria;cue;nombre;domicilio;turno;localidad;porcentaje_zona;zona
P.H.;1º;4600246;PABLO PIZZURNO;GREGORIO CHAVEZ Nº 150 ;M-T;LOS SARMIENTOS;10;D
;1º;4600310;TIMOREO GORDILLO;CAMINO DEL PEREGRINO S/N;M-T;MALLIGASTA;30;D
P.H.;1º;4600178;JOAQUIN V. GONZALEZ;JOAQUIN VICTOR GONZALEZ S/N;M-T;NONOGASTA;30;D
J.C.;1º;4600120;PCIA. DE CORDOBA;AVDA. SAN PEDRO S/N;M-T;FAMATINA;30;E
EMER;3º;4600121;DIRECTOR MIGUEL ROBADOR;CALLE PRINCIPAL S/N;M-T;PLAZA VIEJA;70;E
;1º;4600318;SARGENTO JUAN B. CABRAL;AVDA. SAN BUENAVENTURA ;M-T;VICHIGASTA;30;D
EMER;3º;4600118;RAMON A. LUJAN;BAJO CARRIZAL;M-T;BAJO CARRIZAL;55;E
;1º;4600250;PCIA. DE FORMOSA;SAN MARTIN S/N ;M;VILLA CASTELLI;70;G
;1º;4600324;HIPOLITO IRIGOYEN;CARLOS SAUL MENEM;M;VINCHINA;55;K
;1º;4600076;GREGORIA M. DE SAN MARTIN;CALLE PUBLICA S/N;M;MACHIGASTA;30;A
;1º;4600067;PCIA. DE TUCUMAN;MARIA POZZOLI Bº 10 DE MAYO;M-T;SANAGASTA;30;P
;3º;4600304;MAESTRO FRANCISCO TORRES MOLINA;SANTA LUCIA;M;SANTA LUCIA;70;L
;1º;4600440;ROSARIO VERA PEÑALOZA;SAN MARTIN S/N ;M;CATUNA;40;I
;1º;4600305;JUSTO JOSE DE URQUIZA;SAN MARTIN Nº 665 ;M;CHAÑAR;40;F
;1º;4600485;PCIA. DE SAN LUIS;GENERAL PAZ Nº 279;M-T;MILAGRO;40;I
;3º;4600398;JUAN R. DE VELAZCO;VILLA CHEPES;M;VILLA CHEPES;55;O
;1º;4600091;LA RIOJA ESPAÑOLA;AVDA. SAN FRANCISCO KM 3 1/2 ;M;LA RIOJA;;B
;1º;4600204;ALICIA CARRIZO ;HONORATO GUERRERO SUR Bº LOS PALACIOS;M-T;VILLA UNION;40;H
J.C.;1º;4600143;DOMINGO MATHEU;AVDA. CASTRO BARROS S/N ;M-T;AMINGA;30;C
;1º;4600361;AZUCENA DE LAS M. BAZAN DE AQUINES;INDEPENDENCIA S/N;M-T;PATQUIA;30;H
;2º;4600160;FRONTERAS ARGENTINAS;EMETERIO LAUTRE;M;SANTA CLARA;100;H
EMER;3º;4600294;JUAN FACUNDO SOTOMAYOR;ESQUINA DEL SUD;M;ESQUINA DEL SUD;100;F
;3º;4600127;VICTOR ARMANDO LEDEZMA;RUTA NAC. Nº 75;M;LAS PEÑAS;70;C
J.C.;1º;4600105;PCIA. DEL NEUQUEN;SALICAS;M-T;SALICAS;30;R
;;;;;;COMANDANTE LEAL;55;B
EMER;3º;4600278;ESCUELA 26;CORTADERAS;M;CORTADERAS;70;F
J.C.;1º;4600498;GOBERNADOR SANTA CRUZ;SAN MARTIN S/N ;M-T;ULAPES;30;J
;1º;4600227;HUMBRETO ALEJANDRO HERRERA ROBLEDO;CALLE SIN NOMBRE;M-T;GUANDACOL;100;H
;1º;4600248;PCIA. DE MENDOZA;Bº LA CALLE S/N;M;SAÑOGASTA;30;D
;3º;4600505;ESCUELA 30;SOLCA;M;SOLCA;70;N
;3º;4600261;PABLO M. LEAL;S/N;M-T;CHULO;100;L
;3º;4600089;CAUDILLOS RIOJANOS;EL CEBOLLAR;M;EL CEBOLLAR;55;B
;3º;4600111;PEDRO I. DE CASTRO BARROS;AVDA. CARLOS B. DEL MORAL S/N;M;ESTACION MAZAN;40;A
;3º;4600457;ANGEL C. PEREZ;JUAN FLORENTINO CACERES S/N;M;CHELCOS;55;O
;3º;4600450;MARIA ROSA TAPIA DE OROPEL;VILLA CASANA;M;VILLA CASANA;100;O
;3º;4600117;ARMADA ARGENTINA;ANTINACO;M;ANTINACO;100;E
;1º;4600189;PCIA. DE SANTA FE;CALLE SAAVEDRA S/N;M-T;LA RIOJA;;B
;;;;;;LA FLORIDA;100;F
;1º;4600157;TIMOTEO GORDILLO;BULNES Nº 1140;M-T;LA RIOJA;;B
;3º;4600496;MIS MONTAÑAS MINERAS;AMANA;M;AMANA;100;M
;2º;4600296;BERNARDINO RIVADAVIA;RIVADAVIA S/N;M;VILLA CASTELLI;70;G
;3º;4600348;STMA. VIRGEN DEL ROSARIO;SAN SOLANO;M;SAN SOLANO;120;J
EMER;3º;4600280;DIP. PROV. RICARDO C. FARIAS ;RUTA Nº 79 KM 202;M;LA AGUADA;100;F
J.C.;2º;4600151;FILOMENA NAVARRO DE GONDOLO;CHAUPIHUASI;M-T;CHAUPIHUASI;30;R
;3º;4600459;ANTONIO HUGO CAMARGO;EL POTRERILLO;M;EL POTRERILLO;120;O
;3º;4600349;MARIA MERCEDES COUCEIRO;PTO LOS CORNEJOS;M;PTO. DE LOS CORNEJOS;100;J
EMER;3º;4600141;EJERCITO ARGENTINO;ALTO CARRIZAL;M-T;ALTO CARRIZAL;100;E
EMER;3º;4600283;CANDELARIA ROSEMARY DIAZ;BELLA VISTA;M-T;BELLA VISTA;70;L
;3º;4600513;BRIGADIER J.F. QUIROGA;SAN ANTONIO;M;SAN ANTONIO;70;N
;3º;4600476;ESCUELA 50;S/N;M;SALANA;120;N
;2º;4600045;PCIA. DE JUJUY;RESISTENCIA S/N ;M;ARAUCO;30;A
;;;;;;PASO SAN ISIDRO;100;H
;;;;;;EL CONDADO;;B
;1º;4600026;PCIA. DE BUENOS AIRES;AVDA. LEANDRO N. ALEM S/N ;M-T;LA RIOJA;;B
;3º;4600088;JOSE SANTIAGO PIOLI;RUTA 5 KM 80;M;LAS CATAS;100;B
;3º;4600535;MANUEL BELGRANO;PUBLICA S/N ;M;ESTACION TALAMUYUNA;70;B
J.C.;2º;4600125;BERNARDINO RIVADAVIA;RUTA NACIONAL Nº 75 KM 771/2;M-T;PINCHAS;30;C
;;;;;;;;
;;;;;;;;
;;;;;;;;
;;;;;;UDPINANGO;100;A
J.C.;1º;4600139;SOBERANIA ARGENTINA;RUTA NACIONA Nº 40;M-T;LOS ROBLES;30;R
;3º;4600102;MAESTRO GUILLERMO E.RIOS;SURIYACO;M;SURIYACO;40/60;R
J.C.;1º;4600150;JUSTO JOSE DE URQUIZA;SANTO DOMINGO S/N;M-T;PITUIL;55;E
J.C.;1º;4600135;YLDA MORENO DE ROBLES;B° LA PLAZA;M-T;CAMPANAS;55;E
EMER;3º;4600099;MAESTRO ANTONIO VEGA;RUTA NAC. Nº 78;M-T;SANTA CRUZ;100;E
EMER;3º;4600149;DOMINGA E. FUNES;RUTA N° 1;M-T;LA CUADRA;100;E
;3º;4600168;ARTEMIO SALINAS;CALLE PRINCIPAL S/N;M;AICUÑA;100;H
;1º;4600169;GERONIMO FLORES;AVDA. 24 DE SEPTIEMBRE;T;PAGANCILLO;55;H
;2º;4600228;WOLF SCHOLNIK;LOS PALACIOS;M;LOS PALACIOS;55;H
;2º;4600161;ANDREA PAEZ ORQUERA;ORTIZ DE OCAMPO S/N;M;BANDA FLORIDA;70;H
;3º;4600253;DOMINGO F. SARMIENTO;LA BANDA;M;LA BANDA;70;K
J.C.;1º;4600322;VICENTE CALDERON;C.S. MENEM S/N;M-T;VINCHINA;55;K
;3º;4600323;PCIA. DE SANTIAGO DEL ESTERO;ALTO JAGUE;M;ALTO JAGUE;120;K
;3º;4600259;DELINA ELIZONDO;POLCA;M;POLCO;40;L
;3º;4600284;PCIA. DE LA RIOJA;S/N;M;ESQUINA DEL NORTE;100;L
EMER;3º;4600292;ESCUELA 77;TALVA;M;TALVA;100;F
;3º;4600356;ELVA FERNANDEZ DE SANCHEZ;PUBLICA S/N ;M;ALCAZAR;70;S
;3º;4600490;AMIGO DEVOTO;RUTA PROVINCIAL Nº 30;M;CHILA;70;S
J.C.;1º;4600487;PCIA. DE LA PAMPA;7 DE OCTUBRE S/N;M-T;TAMA;30;S
;3º;4600446;ESCUELA 81;ESQUINA GRANDE;M;ESQUINA GRANDE;100;I
;3º;4600508;RAUL ORIHUELA;PASAJE NIÑO ALCALDE S/N ;M;NACATE;70;N
;3º;4600509;ESCUELA 83;S/N;M;MOLLACO;100;N
;;;;;;ANZULON;70;I
;3º;4600520;FRAY M. ESQUIU;CASTRO BARROS S/N;M;OLPAS;70;I
;3º;4600444;ESCUELA 86;LOS AGUIRRE;M;LOS AGUIRRE;100;I
;3º;4600420;ESC.N°087 SERGIO SIMEON ROSA SOSA;LOS ALANICES;M;LOS ALANICES;100;I
;3º;4600533;ANDREA RINCON ZALAZAR;S/N;M;EL MEDANITO;120;I
;3º;4600503;ESCUELA 89;LA CHIMENEA;M;LA CHIMENEA;120;N
;3º;4600401;ESCUELA 90;S/N;M;LOMA LARGA;70;N
;2º;4600501;PCIA. DE CHUBUT;EL PORTEZUELO;M;EL PORTEZUELO;55;N
;3º;4600274;MANUEL DE LA C. PIZARRO;PARAJE CHAÑAR VIEJO;M;CHAÑAR;100;F
;3º;4600426;ESCUELA 93;LOS TELLOS;M;LOS TELLOS;55;I
;3º;4600382;EDUARDO DE LA FUENTE;SAN RAFAEL;M;SAN RAFAEL;100;J
;3º;4600455;JOSE E. TOLEDO VERA;ÑOQUEVE;M;ÑOQUEVES;55;O
;3º;4600386; 17 DE AGOSTO DE 1850;LA JARILLA;M;LA JARILLA;100;O
;3º;4600390;NELLY CABRAL DE AGUILAR;EL TALA;M;EL TALA;100;O
;3º;4600392;ESCUELA 98;EL TOTORAL;M;EL TOTORAL;100;O
;3º;4600389;ANGEL M. GRANILLO;SAN ISIDRO;M;SAN ISIDRO;100;O
;3º;4600425;ESCUELA 100;LA ISLA;M;LA ISLA;100;I
;3º;4600432;ROSENDO ROMERO;LA DORADA;M;LA DORADA;100;I
;3º;4600421;ESCUELA 102;EL FRAILE;M;EL FRAILE;55;I
J.C.;1º;4600145;CORONEL NICOLAS BARROS;AVDA. CORONEL NICOLAS BARROS;M-T;ANILLACO;30;C
;3º;4600474;ESCUELA 104;S/N;M;LOS ALGARROBOS;120;N
;3º;4600408;ANFILOQUIA VALDEZ DE GOMEZ;TUANI;M;TUANI;120;N
;3º;4600247;MARIA LAUTRE  DE SILVANO;CALLE PRINCIPAL S/N;M;GUANCHIN;100;D
;2º;4600242; JUAN DOMINGO PERON;DEL CARMEN Nº 48;M;SAN MIGUEL;30;D
;2º;4600094;ESCUELA 108;ACCESO ESTEBAN MIRIZIO S/N;M;BAÑADOS DE LOS PANTANOS;70;A
;3º;4600229;LUIS CAMILO SCIDA;RUTA NACIONAL Nº 40 ;M;LOS TAMBILLOS;100;H
;3º;4600327;PCIA. DEL CHACO;BAJO JAGUE;M;BAJO JAGUE;120;K
;3º;4600431;ESCUELA 111;LA PLAYA;M;MILAGRO;120;I
;3º;4600350;DELIA DURAN DE GATICA;VILLA NIDIA;M;VILLA NIDIA;100;J
;3º;4600449;ESCUELA 113;REAL DEL CADILLO;M;R. DEL CADILLO;70;O
P.H.;1º;4600471;NICOLAS LANZILLOTTO;HUGO LLANOS - HEREO DE MALVINAS;M-T;CHEPES;;O
;3º;4600394;MARIA TERESITA AZCURRA;LA CALLANA;M;LA CALLANA;100;O
;3º;4600377;HORTENCIA D. DE MERCADO;NUEVA ESPERANZA;M;NUEVA ESPERANZA;120;J
;3º;4600451;WOLF SCHOLNIK;AGUA DE LA PIEDRA;M;AGUA LA PIEDRA;55;O
;3º;4600153;EL RETIRO;ALPASINCHE;M;EL RETIRO;100;R
;3º;4600353;MERCEDES MERCADO DE MORENO;TUIZON;M;TUIZON;70;S
;3º;4600400;ESCUELA 120;ATILES;M;ATILES;70;N
;3º;4600338;ESCUELA 121;LAS HUERTAS;M;SIERRA DE LOS QUINTEROS;120;S
J.C.;2º;4600142;LEOPOLDO CAAMAÑO;BARRIO DE GALLI S/N;M-T;FAMATINA;70;E
;3º;4600241;ENZO ALDO CORDOBA;VICENTE GIGENA S/N;M;TILIMUQUI;40;D
;;;;;;;;B
;3º;4600200;ROSARIO VERA PEÑALOZA;LOS NACIMIENTOS;M;FELIPE VARELA;100;H
;3º;4600456;ESCUELA 126;EL BARRIAL;M;ROSARIO V PEÑALOZA;55;O
;1º;4600194;CAPITAL FEDERAL;NAPOLES Nº 301;M-T;LA RIOJA;;B
;3º;4600461;ESCUELA 128;LA LAGUNA;M;ROSARIO V PEÑALOZA;120;O
;1º;4600315;MUNICIPALIDAD DE LA  CDAD DE BS.AS.;AVDA. SAN BUENAVENTURA ;M;VICHIGASTA;30;D
;3º;4600443;ESCUELA 130;TORRECITAS;M;GRAL. OCAMPO;100;I
;3º;4600396;ESCUELA 131;ALTO BAYO;M;ROSARIO V PEÑALOZA;120;O
;3º;4600460;ESCUELA 132;EL RODEO;T;ROSARIO V PEÑALOZA;120;O
;3º;4600436;EL QUEMADO;EL QUEMADO;M;GRAL. OCAMPO;120;I
;3º;4600282;MAESTRO N.A.CHACHO LEAL;LA CORTADA;T;CHAMICAL;100;L
;3º;4600166;JOSE ARMANDO QUIROGA SOAJE;LA MARAVILLA;M;FELIPE VARELA;100;H
P.H.;1º;4600302;NICOLASA VERA LUNA DE VERA;CONSTANTINO CARBEL Nº 430;M-T;CHAMICAL;;L
;3º;4600124;VIRGEN DEL ROSARIO DE SAN NICOLAS;PUBLICA S/N ;M;SANTA VERA CRUZ;70;O
;3º;4600452;ESCUELA 138;MASCASIN;M;ROSARIO V PEÑALOZA;55;O
;3º;4600499;ESCUELA 139;KM 14;M;GRAL. SAN MARTIN;100;J
;3º;4600536;MARIA ESTELA TORRES DE SUFAN;AGUA BLANCA;M;CASTRO BARROS;70;C
;1º;4600113;RICARDO ROJAS;AVDA. CESAR VALLEJOS S/N;M;VILLA MAZAN;30;A
;3º;4600109;ESCUELA 142;TUTYUBIL;M;SAN BLAS DE LOS SAUCES;100;R
;;;;;;;;B
;;;;;;;;B
;3º;4600510;ESCUELA 145;EL RETAMAL;M;JUAN F. QUIROGA;100;N
;3º;4600453;ESCUELA 146;QUEBRADA DEL VALLECITO;M;ROSARIO V PEÑALOZA;120;O
;3º;4600288;CLOTILDE MERCADO;MIRAFLORES;M;GRAL. BELGRANO;100;F
;3º;4600376;FRANCISCA D.C. DE AZCURRA;CARRAL DE ISSAC;M;GRAL. SAN MARTIN;120;J
;3º;4600372;ING. JUAN MELIS;EL ABRA;M;GRAL. SAN MARTIN;120;J
;3º;4600341;ESCUELA 150;BAJO HONDO;M;GRAL. SAN MARTIN;100;J
J.C.;1º;4600329;PCIA. DE CORRIENTES;B. DE LA COLINA Nº 520;M-T;CHAMICAL;;L
;3º;4600434; ESCUELA 152;LOS MISTOLES;M;GRAL. OCAMPO;100;I
;3º;4600276;DOMINGO ORONA;EL SIMBOLAR;M;GRAL. BELGRANO;100;F
EMER;3º;4600277;MATEO JORGE GOMEZ;BALDES DE PACHECO;M;GRAL. BELGRANO;120;F
EMER;3º;4600293;PRESBITERO ANTONIO CONRERO;CORRAL DE NEGRO;M;GRAL. BELGRANO;100;F
J.C.;3º;4600433;DIRECTORA VITALIA B. DE LLANOS;AMBIL;M-T;GRAL. OCAMPO;70;I
;;;;;;EL CIENAGO;100;B
;3º;4600448;ESCUELA N° 158;POZO DEL MEDIO;M;GRAL. OCAMPO;100;I
EMER;3º;4600100;ESCUADRON 24 GMRIA NACIONAL;SANTO DOMINGO ;M-T;FAMATINA;100;E
;3º;4600165;FELIPE LEANDRO DAVILA;EL ZAPALLAR;M;FELIPE VARELA;120;H
;2º;4600410;DR. FRANCISCO BAIGORRI;JUAN FACUNDO QUIROGA ;M;DESIDERIO TELLO;40;O
;3º;4600008;PAPA PABLO VI;RUTA Nº 25 KM 81/;M;SAN N. DEL RECREO;70;B
;3º;4600397;MARIA MERCEDES ACHAVAL DE GODOY;VALLE HERMOSO;M;ROSARIO V PEÑALOZA;120;O
;1º;4600065;JUANA L.V. DE ARGUELLO;AVDA. SAN FRANCISCO KM 8 1/2 ;M-T;PTA. LA QUEBRADA;10;B
;;;ESCUELA 165 PETRONA ROSA IBAÑEZ;;;LA REPRESA;120;J
;1º;4600224;RODOLFO CARMONA;LA PLATA Nº 850;M-T;CHILECITO;;D
;3º;4600029;ESCUELA 167;RUTA Nº 6 KM 110;M;SAN BERNARDO;100;B
J.C.;2º;4600367;DR. ARBERTO PAREDES URQUIZA;MANUEL BELGRANO S/N;M-T;PTA DE LOS LLANOS;30;S
;1º;4600245;UNIVERSIDAD NAC. DE LA PLATA;SAN NICOLAS Y MARTIN GUEMES;M-T;ANGUINAN;30;D
;3º;4600308;GRAL. MARTIN MIGUEL DE GUEMES;SANTA FLORENTINA;M;CHILECITO;40;D
;3º;4600368;SAN NICOLAS DE BARI;CARRIZAL;M;ANGEL V PEÑALOZA;100;S
;3º;4600337;ESCUELA 172;ESTACION CASTRO BARROS;M;GRAL. BELGRANO;55;F
;3º;4600391;ESCUELA 173;CHEPES;M;ROSARIO V PEÑALOZA;120;O
J.C.;1º;4600044;PCIA. DE SALTA;IMELDA ROMERO N° 694;M-T;AIMOGASTA;;A
;1º;4600068;GENERAL BELGRANO;AVDA. JOSE JESUS OYOLA Y PAMPLONA;M-T;LA RIOJA;;B
;;;;;;;;B
;1º;4600215;DR. MARIANO MORENO;AVDA. LOS CAUDILOOS ESQ. 25 DE MAYO;M-T;LA RIOJA;;B
;3º;4600006;DIA DE LAS AMERICAS;EX RUTA Nº 38 KM 35;M;TALAMUYUNA ARRIBA;55;B
;3º;4600249;ALEJANDRO MORETA DE LA VEGA;RUTA NACIONAL Nº 40 ;M;MIRANDA;40;D
;3º;4600388;ELVA ANGELA AGUILAR DE AGUILAR;SAN JOSE;M;ROSARIO V PEÑALOZA;120;O
;3º;4600507;NOGAL AGÜERO CISTERNA;EL POTRERO;M;JUAN F. QUIROGA;100;N
EMER;3º;4600263;GRAL. SAN MARTIN;EL QUEBRACHAL;M;CHAMICAL;100;L
;3º;4600405;EL CHACHO;LAS BARRANCAS;M;JUAN F. QUIROGA;120;N
;3º;4600399;ESCUELA 184;DESVIO DE SANTA CRUZ;T;ROSARIO V PEÑALOZA;70;O
;;;;;;SIEMPRE VERDDE;100;J
J.C.;2º;4600493;CORONEL FELIPE VARELA;AVDA. ANGEL V. PEÑALOZA;M-T;LOMA BLANCA;40;F
;3º;4600343;EL CADILLO;EL CADILLO;M;GRAL. SAN MARTIN;120;J
;2º;4600314;GRAL. JOSE DE SAN MARTIN;Bº LA PUNTILLA;M;SAÑOGASTA;30;D
;1º;4600239;EMILIO A. HUNICKEN;DR. SANTIAGO BAZAN Nº 348;M-T;CHILECITO;;D
;1º;4600082;GRAL. SAN MARTIN;BALTAZAR JARAMILLO Nº 51;M-T;LA RIOJA;;B
;1º;4600020;SARMIENTO;DARDO ROCHA Nº 74;M;LA RIOJA;;B
;1º;4600083;DR. NICOLAS AVELLANEDA;DARDO ROCHA Nº 42;T;LA RIOJA;;B
;3º;4600360;JUAN RAMON CARRIZO;LA TORRE;M;INDEPENDENCIA;100;M
;1º;4600238;BARTOLOME MITRE;JOAQUIN V. GONZALEZ S/N ;M-T;NONOGASTA;30;D
;1º;4600072;PCIA. DE CATAMARCA;SARMIENTO Nº 314;M-T;AIMOGASTA;;A
;3º;4600435;ESCUELA 196;EL CERCO;M;GRAL. OCAMPO;120;I
;3º;4600267;COBO 1º JULIO CESAR FUENTES;;M;LA CAÑADA;100;L
;;;;;;;;B
;3º;4600078;REPUBLICA DE VENEZUELA;CAMINO VECINAL;M;TRAMPA DEL TIGRE;120;B
EMER;3º;4600098;SAGRADA FAMILIA;CHAÑARMUYO;M-T;FAMATINA;100;E
;3º;4600031;JUAN F. CARRIZO;RUTA 5 KM 92 EL QUEBRACHO;M;CAPITAL;100;B
;3º;4600036;ISLA NUEVA;EL CANTADERO;M;CAPITAL;100;B
;;;;;;;;
EMER;3º;4600096;ESCUELA 204;CALLE PRINCIPAL S/N;M;ANGULO;100;E
;3º;4600345;ESCUELA 205;AGUAYO;M;GRAL. SAN MARTIN;120;J
;3º;4600534;LA BANDERITA;LA BANDERITA;M;GRAL. OCAMPO;120;I
;3º;4600486;CAUDILLOS RIOJANOS;CUATRO ESQUINAS;M;GRAL. SAN MARTIN;120;J
;3º;4600466;EVA PERON;PATQUIA VIEJO;M;INDEPENDENCIA;120;M
;3º;4600173;CLUB ARGENTINOS DE SERVICIOS;RUTA NACIONAL Nº 76 KM 202 VILLA ESTHER;T;FELIPE VARELA;55;H
;3º;4600287;RAMON ANIBAL OLIVERA;MONTE GRANDE;M;GRAL. BELGRANO;100;F
J.C.;3º;4600442;RAMON EULOGIO BAZAN;AMBIL;M;GRAL. OCAMPO;120;I
;3º;4600255;CASA PINTADA;VALLE HERMOSO;I;VINCHINA;120;K
;3º;4600385;ESCUELA 213;EL DIVISADERO;M;ROSARIO V PEÑALOZA;120;O
;3º;4600290;PERDRO CELESTINO ROBADOR;PARAJE  BAJO HONDO;M;GRAL. BELGRANO;120;F
;;;;;;EL CHUSCHO;100;B
;3º;4600384;ESCUELA 216;LA CONSULTA;M;ROSARIO V PEÑALOZA;120;O
;3º;4600268;CABO PRINCIPAL DARIO VERA;LA SERENA;M;CHAMICAL;100;L
;3º;4600009;MERCEDES DE STIPANICIC;RUTA Nº 25;M;LA RAMADITA;100;B
;3º;4600406;ESCUELA 219;RODEO GRANDE;M;ROSARIO V PEÑALOZA;120;O
;3º;4600427;ESCUELA 220;LAS CORTADERAS;T;GRAL. OCAMPO;100;I
;3º;4600463;JULIAN NOE AGUILAR;AGUA DE AGUIRRE;M;AGUA DE AGUIRRE;120;O
;3º;4600419;HERIBERTO GONZALEZ;SAN JOSE;M;GRAL. OCAMPO;120;I
;3º;4600418;ESCUELA 223;SAN PDRO;M;GRAL. OCAMPO;100;I
;;;;;;;;B
;;;;;;FELIPE VARELA;120;H
;;;;;;;;
;3º;4600351;MANUEL TEOFILO IBAÑEZ;PUESTO DICHOSO;M;GRAL. SAN MARTIN;120;J
;3º;4600395;ESCUELA 227;EL CARDON;M;ROSARIO V PEÑALOZA;120;O
;3º;4600339;JOSE DE LA CRUZ LUJAN;PACATALA;M;ANGEL V PEÑALOZA;120;S
;3º;4600378;ESCUELA 229;EL BUEN RETIRO;M;GRAL. SAN MARTIN;120;J
;3º;4600001;LILIANA CASAS DE ALBA;RUTA Nº 25 KM 50;M;BAJO HONDO;100;B
;3º;4600164;HUMBRERTO MARTIN NIEVAS;RUTA NACIONAL N° 76 EL MOLLE;M;FELIPE VARELA;55;H
;3º;4600037;BRIGADA RAMIREZ DE  DE LA VEGA;RUTA PROVINCIAL Nº 6 KM 100 PTO. DEL VALLE;M;CAPITAL;100;B
;3º;4600115;ESCUELA 233;CALLE PUBLICA S/N ;M;TERMAS SANTA TERESITA;70;A
;3º;4600423;ESCUELA 234;AGUADITA DE LOS PERALTA;M;GRAL. OCAMPO;100;I
EMER;3º;4600097;LUIS PAPINUTTI;EL POTRERILLO;M-T;FAMATINA;120;E
;3º;4600285;ESCUELA 236;SANTA RITA DE LA ZANJA;M;CHAMICAL;120;L
;;;;;;EL ZAMPAL;120;D
;;;;;;EL CARRIZALILLO;120;N
;3º;4600458;AGUEDA PIZARRO CUENCA;LA CALERA;M;CHEPES;120;O
;;;;;;LA CANCHITA;120;A
;3º;4600447;LOS BARRIALITOS;RUTA PROVINCIAL Nº 31;M;GRAL. OCAMPO;100;I
;;;;;;;;B
;1º;4600210;BENJAMIN DE LA VEGA;DALMACIO VELEZ SARSFIELD Nº 842;T;LA RIOJA;;B
;1º;4600209;FRANCISCO TELECHEA;DALMACIO VELEZ SARSFIELD Nº 842;M;LA RIOJA;;B
;1º;4600052;CASTRO BARROS;DALMACIO VELEZ SARSFIELD Nº 274;T;LA RIOJA;;B
;1º;4600055;ORTIZ DE OCAMPO;DALMACIO VELEZ SARSFIELD Nº 370;M;LA RIOJA;;B
;1º;4600219;SAN FRANCISCO;BAZAN Y BUSTOS Nº 661;M-T;LA RIOJA;;B
;1º;4600069;GERONIMA BARROS;AVDA. FACUNDO QUIROGA ESQ. BECCAR VARELA;M-T;LA RIOJA;;B
P.H.;1º;4600016;GENERAL MANUEL BELGRANO;FRANCISCO ZELADA Nº 50;T;LA RIOJA;;B
;1º;4600212;BARTOLOME MITRE;ALBERDI Nº 679;M;LA RIOJA;;B
P.H.;1º;4600220;CEFERINO NAMUNCURA;ALBERDI Nº 679;T;LA RIOJA;;B
P.H.;1º;4600017;BERNARDINO RIVADAVIA;FRANCISCO ZELADA Nº 50;M;LA RIOJA;;B
;;4600693;PATRICIO DEL SACRAMENTO;DALMACIO VELEZ SARSFIELD Nº 374;N;LA RIOJA;;B
;1º;4600196;SAGRADO CORAZON DE JESUS;BAZAN Y BUSTOS Nº 923;M;LA RIOJA;;B
P.H.;1º;4600477;JOAQUIN V. GONZALEZ;ROQUE SAENZ PEÑA ESQ. DONBOSCO Y COLON;M-T;CHEPES;;O
;1º;4600132;GREGORIA M. DE SAN MARTIN;CALLE HIPOLITO IRIGOYEN S/N;M;AIMOGASTA ;;A
P.H.;1º;4600070;GRAL. JOSE DE SAN MARTIN;20 DE MAYO Y DARDO DE LA VEGA DIAZ;M-T;AIMOGASTA ;;A
P.H.;1º;4600303;ROSARIO V. PEÑALOZA;R.V. PEÑALOZA Nº 37;M-T;CHAMICAL;;L
P.H.;1º;4600206;NICOLAS DAVILA;JOAQUIN V. GONZALEZ Nº 93;M-T;CHILECITO;;D
P.H.;1º;4600207;JUAN R. DE VELAZCO;ENCHUCIJADAS Y CIRCUNVALACION;M-T;CHILECITO;;D
;1º;4600175;9 DE JULIO;ALBERTO G. OCAMPO ESQ. TIMOTEO GORDILLO;M;CHILECITO;;D
;1º;4600232;MERCEDES BUSTAMANTE DE DINKLAGE;LA MEJIANA Y SAN MARTIN;M-T;CHILECITO;;D
;1º;4600185;COLEGIO PARROQUIAL PIO XII;BAZAN Y BUSTOS Nº 459;M;LA RIOJA;;B
P.H.;1º;4600828;PTRO. LUIS TORRES MOLINA;CARLOS DE DIOS MURIAS Nº 176;T;CHAMICAL;;L
;;;;;;;;B
;2º;4600307;NOCTURNA DOMINGO FAUSTINO SARMIENTO;SANTIAGO BAZAN Nº 348;N;CHILECITO;;D
J.C.;1º;4600524;GRAL. ANGEL V. PEÑALOZA;SAN MARTIN Nº 50;M-T;OLTA;10;F
;;;;;;;;B
;1º;4600518;BRIG. JUAN F. QUIROGA;AVDA. LOS CAUDILLOS S/N;M;MALANZAN;40;N
J.C.;1º;4600147;BELINDO DE LA FUENTE;JOAQUIN V. GONZALEZ S/N ;M-T;ANJULLON;30;O
;;;;;;;;B
;3º;4600344;VICENTE LOPEZ;EL BALDECITO;M;GRAL. SAN MARTIN;120;J
;3º;4600441;ALMIRANTE GUILLERMO BROWN;LA MARUJA;M;GRAL. OCAMPO;100;I
;3º;4600512;MARCOS SASTRE;PULUCHAN;M;JUAN F. QUIROGA;120;N
;3º;4600404;OLEGARIO VICTOR  ANDRADE;EL PORONGO;M;JUAN F. QUIROGA;120;N
;;;;;;;;B
J.C.;1º;4600152;FLAVIANO DE LA COLINA;RUTA NACIONAL Nº 40 SCHAQUI;M-T;SAN BLAS DE LOS SAUCES;30;R
;3º;4600174;MIGUEL E. SOLER;RUTA NACIONAL Nº 40  KM 3800 PUERTO ALEGRE;M;FELIPE VARELA;100;H
;3º;4600354;NIÑAS DE AYOHUMA;TASQUIN ;M;ANGEL V PEÑALOZA;100;S
;1º;4600056;TAMBOR DE TACUARI;ISLA DECEPCION Nº 672 Bº ANTARTICA I;M-T;LA RIOJA;;B
J.C.;3º;4600523;25 DE MAYO;CALLE Nº2 LA COLONIA;;GRAL. OCAMPO;55;I
;;;;;;HUACO;120;P
;3º;4600379;DAMAS MENDOCINAS;PARAJE EL BALDE DE LA VIUDA;M;GRAL. SAN MARTIN;120;J
;3º;4600171;FRAY LUIS BELTRAN;CALLE PRINCIPAL S/N LOS PATILLOS;M;FELIPE VARELA;100;H
;3º;4600497;MARIA SANCHEZ DE THOMPSON;LOS COLORADOS;M;INDEPENDENCIA;100;M
EMER;3º;4600260;GDOR. FRANCISCO  SOLANO GOMEZ;SANTA BARBARA;M;CHAMICAL;100;F
P.H.;1º;4600022;MAESTRO ARMANDO H. ROBLEDO;ESTEBAN ECHEVERRIA;M;LA RIOJA;;B
;;;;;;LA LOMITA;120;J
;3º;4600295;ESCUELA 289;LA HUERTA;M;GRAL. BELGRANO;100;F
;;;;;;EL RUMIACO;120;B
;3º;4600746;SIXTO ALCIRO BRIZUELA;PARAJE LAS HIGUERITAS;T;SANTA FLORENTINA;199;D
;;;;;;;;B
;;;;;;PUERTO ALEGRE;40;B
;3º;4600331;JOSE DARRAGUEIRA;PJE. EL RETAMO;M;CHAMICAL;120;L
;;;;;;SAN AMBROSIO;120;M
;3º;4600359;FRAY CAYETANO RODRIGUEZ;AGUANGO;M;INDEPENDENCIA;120;M
;3º;4600138;PEDRO LEON GALLO;PJE. LA CIMBRITA;M;ARAUCO;120;A
;;;;;;AG. DE LOS BALDES;120;B
;1º;4600048;JUAN JOSE PASO;AVDA. SAN NICOLAS DE BARI ESQ. PORTEZUELA;M-T;LA RIOJA;;B
;3º;4600264;MAESTRO ALILO NUÑEZ;PJE. LA AGUADITA;M;CHAMICAL;55;L
J.C.;3º;4600254;GENDARMERIA NACIONAL;POTRERO GRANDE;M-T;VINCHINA;120;K
;;;;;;;;B
;3º;4600346;JOSE ANTONIO CABRERA;AGUYO;M;GRAL. SAN MARTIN;120;J
;3º;4600271;JOSE DE UGARTECHE;EL CARMEN - LA INVERNADA;M;CHAMICAL;120;L
;3º;4600038;DR. PEDRO MIGUEL ARAOZ;RUTA Nº 6  KM 120 LA ANTIGUA;T;CAPITAL;100;B
;3º;4600266;20 DE MAYO;LOS TALAS;M-T;CHAMICAL;120;L
;3º;4600272; VICENTE A. ALMONACID;PJE. BAJO DE LUCAS;M-T;CHAMICAL;120;L
;3º;4600028;DARDO DE LA VEGA DIAZ;RUTA Nº 5 KM 50;M;SAN LORENZO;100;B
;3º;4600034;GDOR. MANUEL V. BUSTOS;RUTA Nº 6 KM 13;M;SAN PEDRO;100;B
;3º;4600407;DR. ESTEBAN A.GASCON;SAN PEDRO;M;JUAN F. QUIROGA;100;N
;3º;4600369;DR. MANUEL A. ACEVEDO;EL MONTE KM 38;M;ANGEL V PEÑALOZA;120;S
;3º;4600270;JOSE EUSEBIO COLOMBES;PJE. LA RESISTENCIA;M;CHAMICAL;120;L
;3º;4600514;MARIANO BOEDO;TOSQUEA;M;JUAN F. QUIROGA;120;N
;3º;4600039;DR. TOMAS DE ANCHORENA;RUTA Nº 6 EL BARRIAL;M;CAPITAL;100;B
;3º;4600402;DR. TEODORO S. DE BUSTAMANTE;RUTA PROVINCIAL Nº 31 EL UNQUILLAR;M;JUAN F. QUIROGA;100;N
;3º;4600581;ANTONIO GONZALEZ BALCARCE;RUTA Nº 25 KM 80;M;ESTANCIA SAN NICOLAS;100;B
;3º;4600340;JUAN AGUSTIN MAZA;LA SUSPENSIÓN;M;GRAL. SAN MARTIN;120;J
;3º;4600370;CHACHO PEÑALOZA;RUTA PROVINCIAL Nº 27 Y 28;M;SAN RAMON;100;S
;3º;4600262;MAIPU;VILLA CARMELA;M;CHAMICAL;100;L
;3º;4600333;HIPOLITO IRIGOYEN;RUTA PROVINCIAL TALA VERDE;M;GRAL. BELGRANO;100;F
;3º;4600336;EDUARDO PEREZ BULNES;PJE. POZO DE LA VACA;M;CHAMICAL;120;L
;3º;4600464;JOSE IGNACIO THAMES;VIRGEN DEL VALLE - ULAPES;M;CHEPES;120;J
;;;;;;EL CINCUENTA;100;B
;3º;4600172;GRANADERO VARGAS;EL CARDON;M;FELIPE VARELA;120;H
EMER;3º;4600279;FRAY JUSTO STA. MARIA DE ORO;EL CONSUELO;M;GRAL. BELGRANO;100;F
;3º;4600030;ESTAUROFILA L. DE GRANILLO;RUTA Nº 5 KM 80 LA LATA;M;LA RIOJA;100;B
;3º;4600489;JUAN FRANCISCO OVIEDO;COLOZACAN;M;ANGEL V PEÑALOZA;120;S
;3º;4600269;CORONEL PRINGLES;EL GARABATO;M;CHAMICAL;120;L
;3º;4600265;ABRAHAM RUADES;EL MOLLAR;M;CHAMICAL;100;L
;;;;;;SANTA C. DE LAS  S.;120;S
;;;;;;SANTA TERESITA;120;B
;3º;4600454;ESCUELA 332;CASAS VIEJAS;M;ROSARIO V PEÑALOZA;120;O
;;;;;;;;B
;3º;4600235;MARIA LUISA DE LARGUIA;PARAJE EL TRIANGULO;M;NONOGASTA;70;D
;3º;4600357;ESCUELA 335;REPRESA DE LA PUNTA;M;INDEPENDENCIA;120;M
;1º;4600074;PARROQUIAL INMACULADA CONCEPCION;SAN MARTIN Nº 480;M;AIMOGASTA;;A
;3º;4600692;MANUELA O. DE MABRAGAÑA;CONT. 8 DE DICIEMBRE Y NBARCELONA;T-N;LA RIOJA;;B
DIFERENCIAL;1º;4600043;FRAY MAMERTO ESQUIU;CABO PRIMERO RODRIGUEZ S/N;T;LA RIOJA;;B
;3º;4600688;HILADOS Y TEJIDOS;S/N;T;CHAMICAL;;L
;;;;;;BAJO VERDE;;B
;1º;4600084;FRAY LAURENCIO TORRES;DARDO ROCHA Nº 42;N;LA RIOJA;;B
;;;;;;;;B
;3º;4600163;POLICIA FEDERAL ARGENTINA;LA CUEVAS;M;FELIPE VARELA;120;H
EMER;3º;4600334;FERNANDO GODOY;EL VIRQUE;M;GRAL. BELGRANO;100;F
;3º;4600309;ESCUELA 345;CARLOS WILIAMK S/N ;M;COLONIA MALLIGASTA;100;D
;3º;4600365;GRAL. ANGEL VICENTE PEÑALOZA;CALLE PUBILCA S/N  BAJO VERDE;M;ANGEL V PEÑALOZA;120;S
;3º;4600475;BGADIER JAUN M. DE ROSAS;ILLISCA;M;JUAN F. QUIROGA;70;N
;3º;4600286;ESCUELA 348;POZO REDONDO;M;CHAMICAL;120;L
;3º;4600258;ESCUELA 349;LOS BORDOS;M;CHAMICAL;100;L
;;;;;;SAN RAFAEL;100;B
;3º;4600504;ESCUELA 351;CASANGATE;M;JUAN F. QUIROGA;120;N
;1º;4600202;GUILLERMO PAEZ;SAN NICOLAS DE BARI;M-T;VILLA UNION;40;H
;;4600002;BATALLON DE INGENIEROS 141;RUTA N° 5 KM 10 COLONIA FRUTIHORTICOLA;M;LA RIOJA;40;B
;3º;4600500;ESCUELA 354;SAN ANTONIO - LAS TOSCAS;M;ROSARIO V PEÑALOZA;120;O
;3º;4600342;ESCUELA 355;AGUAYO;M;GRAL. SAN MARTIN;120;J
;3º;4600347;YAPEYU;RUTA Nº 33 - LA INDUSTRIA;M;GRAL. SAN MARTIN;120;J
;3º;4600374;PARAJE ENTRE RIOS;PJE. ENTRE RIOS - ULAPES;M;GRAL. SAN MARTIN;120;J
;3º;4600742;JUAN JULIO IBAÑEZ;RUTA Nº 5 - SAN JOSE;M;LA RIOJA;100;B
;;;;;;ANCHICO;100;B
;3º;4600422;LA RIPIERA;LA RIPIERA;M;GRAL. OCAMPO;120;I
P.H.;1º;4600059;EXPEDICION AUX. ZELADA DAVILA;GUARANIES Nº 1136 Bº FACUNDO QUIROGA;M-T;LA RIOJA;;B
;;;;;;LAS CAÑAS;100;B
CIERRE DEFINITIVO MEDIANTE RESOLUCION MINISTERIAL N° 2454/19;;;;;;LA LILIA;120;J
;3º;4600532;ESCUELA 364;EX RUTA Nº 33;M;LA RIOJA;70;B
;1º;4600047;PCIA. DE MISIONES;BENJAMIN MATIENZZO Bº ANTARTIDA III;M-T;LA RIOJA;;B
;3º;4600364;ESCUELA 366;AGUADITA DE CARRIZAL;M;ANGEL V PEÑALOZA;;S
;3º;4600537;ESCUELA 367;SANTA MARIA ;M;JUAN F. QUIROGA;120;N
;3º;4600358;ANGELA DEL ROSARIO DIAZ DE GORDILLO;RUTA Nº 150 KM 46 - PAGANZO;T;INDEPENDENCIA;120;M
;1º;4600051;MAESTRO HUMBERTO PEREYRA;ASCASUBI Y PUERTO ARGENTINO;M-T;LA RIOJA;;B
;1º;4600225;MAESTRO FERMIN MORALES;SAN NICOLAS S/N;M-T;CHILECITO;;D
DIFERENCIAL;1º;4600211;MARIA MADRE DEL BUEN CAMINO;MARGARITA DIAZ DE DIAS Nº 632;M-T;LA RIOJA;;B
;3º;4600244;NEREO NIEVAS;COLONIAS DE ANGUINAN;M;CHILECITO;;D
;;;;;;MONTE NEGRO;100;F
;3º;4600375;ESCUELA 374;LA REPRESITA;M;GRAL. SAN MARTIN;100;J
DIFERENCIAL;1º;4600181;SOY FELIZ;9 DE JULIO Nº 535;M-T;LA RIOJA;;B
;3º;4600362;MARAI A. NORIEGA DE LEDO;SALINAS DE BUSTOS;M-T;INDEPENDENCIA;;M
DIFERENCIAL;3º;4600077;OBISPO ENRIQUE ANGELELLI ;Bº INMACULADA I;T;AIMOGASTA;;A
;3º;4600243;ANGELA CORTEZ DE  WOL;EX RUTTA Nº 40 - SAN NICOLAS ;M;CHILECITO;;D
DIFERENCIAL;1º;4600205;AMOR Y ESPERANZA;GUILLERMO IRIBARREN - CASTRO Y BAZAN;M-T;CHILECITO;;D
;3º;4600506;ESCUELA 380;TRES CRUCES;M;JUAN F. QUIROGA;;N
;3º;4600281;ESCUELA 381;SIERRA DE LOS QUINTEROS- LAS HIGUERAS;M;JUAN F. QUIROGA;120;S
DIFERENCIAL;1º;4600041;ALELUYA;EX HOSPITAL PLAZA CONT. RIVADAVIA S/N;M;LA RIOJA;;B
DIFERENCIAL;1º;4600192;ESPECIAL DE FORMACION LABORAL;CONTINUACION AVDA. ANGELILLI S/N Bº STA.CECILIA;T;LA RIOJA;;B
;3º;4600411;ESCUELA 384;PARAJE EL TOTORAL;T;ROSARIO V PEÑALOZA;120;O
;3º;4600439;ESCUELA 385;PARAJE RIO GRANDE;M;GRAL. OCAMPO;120;I
;3º;4600007;ESCUELA 386 PARAJE LA CAÑADA;ES RUTA NACIONAL Nº 38 KM 7 1/2 LA CAÑADA;M-T;LA RIOJA;70;B
;;;;;;;;
;3º;4600291;CANUTO REYES FARIAS;SANTA CRUZ;M;GRAL. BELGRANO;120;F
;3º;4600403;ESCUELA 388;RIO DE LAS CAÑAS;M;JUAN F. QUIROGA;120;N
DIFERENCIAL;1º;4600213;TINKUNACO;CABO  1º RODRIGUEZ S/N Bº ALTA RIOJA;M;LA RIOJA;;B
;3º;4600383;ESCUELA 390;TRES DE MAYO;M;GRAL. SAN MARTIN;120;J
;3º;4600366;ESCUELA 391;LAS LOMITAS;M;ANGEL V PEÑALOZA;100;S
;1º;4600193;DANTE ALIGHIERI;ARTIGAS Y CAJA DE AHORRO;M;LA RIOJA;;B
;3º;4600511;ESCUELA 393;BALDE DE AMAYA;M;JUAN F. QUIROGA;120;N
;1º;4600063;SAN JOSE DE CALASANZ;AVDA. SAN FRANCISCO KM 3 1/2 ;T;LA RIOJA;;B
P.H.;1º;4600021;MALVINAS ARGENTINAS;ECHEVERRIA Nº 272;T;LA RIOJA;;B
;1º;4600090;CAUDILLOS RIOJANOS;LAS CARRETAS Nº 247 Bº LIBERTADOR;M-T;LA RIOJA;;B
;1º;4600190;MERCEDITAS DE SAN MARTIN;ALICIA MOREAU DE JUSTO Nº 775;M;LA RIOJA;;B
;1º;4600079;MONSEÑOR ENRIQUE ANGELLELI;JULIO CAMPOS S/N Bº 20 DE MAYO;M-T;LA RIOJA;10;B
;3º;4600576;ESCUELA 399;RUTA 6 KM 100PJE POZO DE LA YEGUA;M;LA RIOJA;120;S
;3º;4600538;ESCUELA 400;PUBLICA S/N  LA MESADA;M;INDEPENDENCIA;120;M
;2º;4600700;SAN ANTONIO;CASIMIRO GODOY S/N;M;AIMOGASTA;;A
;3º;4600791;ESCUELA 402;PJE. MASCASIN;M;JUAN F. QUIROGA;70;N
;1º;4600764;ESCUELA 403;CLODULFA OZAN S/N;M-T;LA RIOJA;;B
;;;;;;;;
;;;;;;EL POTRERILLO;120;N
;1º;4600800;PADRE ARMANDO  AMIRATI;RAWSON S/N;M-T;LA RIOJA;;B
P.H.;1º;4600799;ROSA OCAMPO DE IRIBARREN;21 DE SEPTIEMBRE S/N  B° HIPODROMO;M;NONOGASTA;30;D
;1º;4600814;PROF. RAUL DELFOR TAPIA;PROYECTADA N° 5 ENTRE CEPEDA Y HERMOSA;M-T;LA RIOJA;;B
;1º;4600822;ESCUELA 408;CARDON S/N Bº FALDEO DEL VELAZCO SUR;M-T;LA RIOJA;;B
;1º;4600823;ESCUELA 409;LOMA BLANCA ENTRE CALLE 20 Y 22;M;LA RIOJA;;B
;1º;4600832;LOS BOULEVARES;RINO BOLOGNESI;M-T;LA RIOJA;;B
;1º;4600848;DR. RENE FAVALORO;LUIS AMAYA S/N Bº ASODIMO;M;LA RIOJA;;B
;1º;4600843;PAPA FRANCISCO;AVDA. RAMON NAVARRO Y JARILLA Bº URBANO I;M-T;LA RIOJA;;B
;1º;4600845;ESCUELA 413;ULAPES;M;GRAL. SAN MARTIN;30;J
;1º;4600851;JULIAN AMATTE;7 DE AGOSTO  LOS ALTOS;M-T;CHILECITO;;D
;1º;4600859;CARLOS DE DIOS MURIAS;CALLE PUBLICA;M;CHAMICAL;;L
;1º;4600880;ESCUELA 416;CALLE PROYECTADA B° URBANO 40;M-T;LA RIOJA;;B
;1º;4600890;ESCUELA 417;MANZANA 1278 B° NESTOR KIRCHNER;T;LA RIOJA;;B
;1º;4600901;ESCUELA 418;B° LOS OBREROS;M-T;LA RIOJA;;B
;;;;;;;;B
;;;CASA CENTRAL;Catmarca N° 65;M-T;LA RIOJA;;B
MODALIDADES ESPECIALES;;;CENTRO DE ADULTO;;;;;
MODALIDADES ESPECIALES;;;CENTRO DE ADULTO;;;CHILECITO;;
MODALIDADES ESPECIALES;;;CENTRO DE ADULTO;;;;;
MODALIDADES ESPECIALES;;;CENTRO DE ADULTO;;;;;
MODALIDADES ESPECIALES;;;CENTRO DE ADULTO;;;LA RIOJA;;B
MODALIDADES ESPECIALES;;;CENTRO DE ADULTO;;;ULAPES;30;J
MODALIDADES ESPECIALES;;;CENTRO DE ADULTO;;;MALANZAN;40;N
MODALIDADES ESPECIALES;;;CENTRO DE ADULTO;;;CHEPES ;;O
MODALIDADES ESPECIALES;;;CENTRO DE ADULTO;;;VILLA UNION;;H
MODALIDADES ESPECIALES;;;CENTRO DE ADULTO;;;CHILECITO ;;D
MODALIDADES ESPECIALES;;;CENTRO DE ADULTO;;;CHAMICAL;;L
MODALIDADES ESPECIALES;;;CENTRO DE ADULTO;;;CASTRO BARROS;;C
MODALIDADES ESPECIALES;;;CENTRO DE ADULTO;;;FAMATINA;;E
MODALIDADES ESPECIALES;;;CENTRO DE ADULTO;;;CATUNA;;F
;;;;;;LA RIOJA;;B
;;4600257;ESC. ESPECIAL Nº 2 EL SALVADOR;EL CHACHO Y GABRIEL LONGUEVILLE;M;CHAMICAL;;L
;;4600107;ESC. ESPECIAL Nº 3 DIVINO NIÑO DE JESUS;RUTA NACIONAL Nº 40 ;M;SAN BLAS DE LOS SAUCES;;R
;;;;;;LA RIOJA;;B
;3°;4600412;ESC. ESPECIAL Nº 5 ROBERTO SAUL;JUAN DOMINGO PERON ESQ. GUEMES Bº 3 DE JULIO;M;CHEPES;;O
;3°;4600148;ESC. ESPECIAL Nº 6 NIÑO ALCALDE;BELGRANO S/N ;M-T;CASTRO BARROS;;C
P.H.;1°;4600208;ESCUELA NORMAL 1;SAN NICOLAS DE BARI (O) ESQ. JULIO CESAR CORZO;M-T;LA RIOJA;;B
P.H.;1°;4600226;ESCUELA NORMAL 2;ALBERTOO G. OCAMPO N° 48;T;CHILECITO ;;D
P.H.;1°;4600479;ESCUELA NORMAL 3;CASTRO BARROS N° 555;M;CHEPES;;O
P.H.;1°;4600494;ESCUELA NORMAL 4;JOSE S. SALINAS N°328;T;OLTA;10;F
;;;SEDE SUPERVISION MUSICA;;M-T;CHILECITO ;;D
;;;SEDE SUPERVISION ZONA 2;;M-T;CHILECITO ;;D
inicial;;;;;;;;
;1º;4600004;FEDERICO FROEBEL;SAN NICOLAS DE BARI Y PUERTO ARGENTINO;M-T;LA RIOJA;;B
;1º;4600054;MARIA MONTESSORI;ADOLFO E. DAVILA Y DALMACIO V. SARFIELD;M-T;LA RIOJA;;B
;1º;4600080;CONSTANCIO C. VIGIL;CALLE OLTA ESQ. PORTEZUELA ;M-T;LA RIOJA;;B
;1º;4600195;OVIEDO DECROLY;MILAN Y TURIN Bº SANTA JUSTINA;M-T;LA RIOJA;;B
;1º;4600093;SARA ECLESTON;BECCAR VARELA Y LAS ACACIAS S/N;M-T;LA RIOJA;;B
;1º;4600183;ROSARIO VERA PEÑALOZA;HOIPOLITO IRIGOYEN S/N;M-T;LA RIOJA;;B
;1º;4600300;ALITAS ARGENTINAS;CASTRO BARROS ESQ. GABRIEL LONGUEVILLE;M-T;CHAMICAL;;L
;1º;4600409;YEAN PLAGET;JUAQUIN V. GONZALEZ;M-T;R. VERA PEÑALOZA;;O
;2º;4600445;GABRIELA MISTRAL;JUAN ZACARIAS AGÜERO VERA S/N;M-T;ORTIZ DE OCAMPO;30;I
;3º;;M.S.M. DE BAL…..;;;;30;R
;1º;4600306;28 DE MAYO;CORRIENTES Nº 71 Bº MAYO;M-T;CHILECITO;;D
;1º;;DR. PEDRO I. DE CASTRO BARROS;;;;30;O
;1º;4600085;ROSA VERA BARROS;ECHEVERRIA Nº 226 Bº ISLAS MALVINAS;M-T;LA RIOJA;;B
;1º;4600575;PIO XII;BAZAN Y BUSTOS Nº 460;M-T;LA RIOJA;;B
;1º;4600024;HERMANAS AGAZZI;TIMOTES Nº 1136;M-T;LA RIOJA;;B
;1º;4600042;MARIA DE LA COLINA;PAMPLONA S/N;M-T;LA RIOJA;;B
;1º;4600155;EUGENIA TOS DE ACIAR;AVDA. ORTIZ DE OCAMPO S/N;M-T;LA RIOJA;;B
;1º;;DOLORES DE LA VEGA;;;;40;R
;1º;4600203;ROSARITO;HONORATO GUERRERO Y J.V. GONZALEZ ;M-T;FELIPE VARELA;40;H
;3º;;MIGUEL ROBERTO MORENO;;;;;F
;1º;4600092;MIRIAN H. DE ANDERS;ADDA SAN FRANCISCO KM 3 1/2;M-T;LA RIOJA;;B
;1º;4600214;GREGORIA BRAVO DE SORIA;BELGRANO Nº 337 Bº CENTRO;M-T;LA RIOJA;;B
;1º;;MARIA LIDIA VILLAFAÑE;;;;;A
;2º;;JARDIN N° 24;;;;;D
;1º;4600025;CARLOS MARIA QUIROGA;ISLA DE LOS ESTADOS S/N Bº ANTARTIDA I;M-T;LA RIOJA;;B
;1º;4600012;ARLECHINO;RIVADAVIA Nº 137;M-T;LA RIOJA;;B
;1º;4600040;ROSARIO VERA PEÑALOZA;SAN NICOLAS S/N ;M-T;SANAGASTA;30;P
;2º;;JARDIN N°28;;;;30;J
;1º;4600062;NIÑO JESUS ALCALDE;AVDA. SAN FRANCISCO KM 8 1/2;M-T;LA RIOJA;10;B
;1º;4600222;PROFESORA PATRICIA SCHALLER;BELGRANO Y AVDA LOS CAUDILLO ;M-T;LA RIOJA;;B
;1º;;CARLOS M. HIJO;;;;30;O
;3º;4600522;JARDIN 32;SAN MARTIN S/N;M;CATUNA;40;I
;2º;4600023;LILIANA ALBARACIN;AVDA. FACUNDO QUIROGA S/N ;M-T;LA RIOJA;;B
;1º;4600015;MERCEDITAS DE SAN MARTIN;BRASIL ESQ. ANDRADE Bº LOS OLIVARES;M-T;LA RIOJA;;B
;1º;4600010;ESTELA PEÑALOZA DE CAME;AVDA. HEROES DE MALVINAS Y CERRO AMBATO;M-T;LA RIOJA;;B
;2º;4600057;NICOLAS LANZZILLOTTO;ACONCAGUA Y COSTA RICA;M-T;LA RIOJA;;B
;1º;4600158;PROF. PAOLA A. GAITAN;SANTA RITA Nº 30 Bº EL PARQUE ;M-T;CHILECITO;;O
;1º;;ROSARIO VERA PEÑALOZA;;;;30;C
;1º;4600003;RINCON DE LUZ;GUILLERMO IRIBARREN S/N;M-T;LA RIOJA;;B
;2º;;JARDIN Nº 40;;;;30;D
;3º;4600638;JARDIN ANEXO ESC 353;RUTA NAC. Nº 5 KM 10;M-T;LA RIOJA;40;B
;1º;4600697;ROSARIO VERA PEÑALOZA;LIBERTAD Y J.V. GONZALEZ;M-T;INDEPENDENCIA;30;H
;1º;4600789;JARDIN Nº 44;CIUDAD DE RESISTENCIA S/N Bº ARGENTINO;M-T;LA RIOJA;;B
;1º;4600788;ROSARIO OCAMPO DE IRIBARREN;21 DE SEPTIEMBRE Bº HIPODROMO;M-T;CHILECITO;;D
;2º;4600813;LIC. MARIA CRISTINA CORTES ALDONOTE;CARDON Y JARILLA Bº FALDO DE V. SUR;M-T;LA RIOJA;;B
;1º;4600745;JARDIN Nº 47;PADRE MARTIN GOMES Y FDO. QUIROGA ;M-T;CHAMICAL;;L
;2º;4600815;BURBUJITAS DE ALEGRIAS;VIDALERAS BARROS ESQ. SAN FANCISCO;M-T;CHILECITO;;D
;1º;4600812;IRMA OTAÑEZ DE SOLER;BAHIA MARGARITA Y BASE MATIENZO S/N Bº ANTARTIDA III;M-T;LA RIOJA;;B
;2º;4600816;JARDNI Nº 50;CAPDELIVA Y PORTEZUELAO ;M-T;LA RIOA;;B
;2º;4600825;JARDIN Nº 51;SAN MARTIN S/N ;M-T;GUNADACOL;100;H
;2º;4600833;JARDIN Nº 52;PUERTO SANTA CRUZ;M-T;LA RIOJA;;B
;1º;4600842;JARDIN Nº 53;RETAMA Y JARILLA Bº URBANO I;M-T;LA RIOJA;;B
;1º;4600855;VIRGEN DEL CAMPANARIO;LAS ENCRUCIJADAS S/N ;M-T;CHILECITO;;D
;1º;4600850;JARDIN Nº 55;Bº LOS BOULEVARES;M-T;LA RIOJA;;D
;2º;4600858;VICTOR R. GALLARDO;V. LUIS VERNET S/N;M-T;LA RIOJA;;B
;2º;4600853;JARDIN Nº 57;C.PUBLICA S/N ENTRE CHILE Y LUIS AMAYA Bº ASODISMO;M-T;LA RIOJA;;B
;2º;4600854;JARDIN Nº 58;ARTEMIO ORTIZ Y CARDON Bº MIS MONTAÑAS;M-T;LA RIOJA;;B
;2º;4600868;ALTOS DE CHILECITO;15 DE JUNIO S/N;M-T;CHILECITO;;D
;2º;4600857;JARDIN Nº 60;CALLE PUBLICA S/N;M-T;CHAMICAL;;l
;2º;4600862;JARDIN Nº 61;LUCENA Y CACIQUE SANAGUA  B° YACAMPIS;M-T;LA RIOJA;;B
;2º;4600863;PADRE ERI PRAOLINI;TILCARA Y LO A BLANCA;M-T;LA RIOJA;;B
;2º;4600861;JARDIN Nº 63;J.C. CARBALLO S/N B° LOS OBREROS;M-T;LA RIOJA;;B
;2º;4600867;GLADYS TOMASA JUSTA ROMERO CANDIDA DE PALMA;LAS CARRETAS S/N B° LIBERTADOR;M-T;LA RIOJA;;B
;2º;4600871;JARDIN Nº 65;CALLE 20 DE JUNIO ESQ. ALBERDI;M-T;ROSARIO V. PEÑALOZA;;O
;2º;4600877;ALTO DE LA RODADERA;CONTINUACION CALLE TUCUMAN S/N ;M-T;LA RIOJA ;;B
;2º;4600873;JARDIN Nº 67;LA RIOJA ESPAÑOLA Y FELIPEIBARRA;M-T;LA RIOJA;;B
;2º;4600884;JARDIN Nº 68;CALLE SAN JUAN;M;SAN MARTIN;;
;2º;4600879;JARDIN Nº 69;CARLOS JOAQUIN PEÑALOZA;M-T;LA RIOJA;;B
;2º;4600883;JARDIN Nº 70;MANZANA 1277 B° NESTOR KIRCHNER;M-T;LA RIOJA;;B
;2º;4600881;JARDIN Nº 71;MIXTO MERCADO DE GONZALEZ ESQ. RAQUEL TEJADA;M-T;LA RIOJA;;B
;2º;4600887;JARDIN Nº 72;PASO DE LA PATRIA S/N;M-T;LA RIOJA;;B
;2º;4600891;JARDIN Nº 73;CALEDONIA ROMERO B° COOPERATIVA I;M;ARAUCO;;A
;2º;4600892;JARDIN Nº 74;SAN NICOLAS ;M;CHILECITO;;D
;2º;4600888;JARDIN Nº 75;B° FRANCISCO I MANZANA 1003;M-T;LA RIOJA;;B
;2º;4600897;JARDIN Nº 78;CALLE PUBLICA S/N B° LA BANDERITA;M-T;LA RIOJA;;B
;2º;4600830;JARDIN Nº 81 GREGORIO CAVERO;LA PUNTILLA -CHILECITO;M-T;CHILECITO;;D
;2º;4600898;JARDIN Nº 82;PUBLICA S/N B°CIUDAD NUEVA;M;CHAMICAL;;L
;2º;4600903;JARDIN Nº 83;CALLE PUBLICA S/N B° EL ALTO;M-T;R. V. PEÑALOZA;;O
;1º;4600874;Ce.S.S.E.R. SEMILLITA;RUTA N° 5 - KM 10 - LAS PARCELAS;M-T;LA RIOJA;40;B
;1º;4600747;SAN PIO DE PIETRELCINA ;DEL RIO S/N  B° ALUNAI;M-T;LA RIOJA ;;B
;1º;4600208;ESCUELA NORMAL;JULIO C. CORZO Y SAN  NICOLAS DE BARI O;M-T;LA RIOJA;;B
;1º;4600226;ESCUELA NORMAL;ALBERTO G. OCAMPO Nº 48 ;T;CHILECITO;;D
;1º;;ESCUELA NORMAL;CASTRO BARROS Nº 555;M-T;R. V. PEÑALOZA;;O
;1º;;ESCUELA NORMAL;JOSE S. SALINAS Nº 328;M-T;OLTA;10;F
;2º;4600572;JARDIN NUCLEO 1;JUAN DOMINGO PERON S/N;M-T;GRAL. LAMADRID;70;G
;2º;4600573;JARDIN NUCLEO 2;AVDA. SAN PEDRO S/N;M-T;FAMATINA;;E
;1º;4600373;JARDIN NUCLEO 3;JUAN FDO. QUIROGA S/N;M-T;SAN MARTIN;30;J
;1º;4600539;JARDIN NUCLEO 4;JOAQUIN V. GONZALEZ;M-T;CHILECITO;30;D
;1º;4600413;JARDIN NUCLEO 5 ;ROSARIO V. PEÑALOZA T 2 DE ABRIL;M-T;R.V. PEÑALOZA;;O
;1º;4600525;JARDIN NUCLEO 6 MIGUEL ROBERTO MORENO;AVDA. MANUEL BELGRANO Nº 551;M-T;OLTA;;F
;1º;4600131;JARDIN NUCLEO 7;CORONEL NICOLAS BARROS S/N;M-T;CASTRO BARROS;30;C
;1º;4600104;JARDIN NUCLEO 8;RUTA NACIONAL Nº 40 ;M;S. BLAS DE LOS SAUCES;30;R
;1º;4600075;JARDIN NUCLEO 9  M.L.V. DE DIAZ LUNA;LUIS MANSUETO DE LA FUENTE S/N;M-T;ARAUCO;;A
;1º;4600905;JARDIN NUCLEO 10;TAMA;M-T;ANGEL V. PEÑALOZA;30;S
;1º;;JARDIN NUCLEO 11;;;CAMPANA;55;E
;1º;4600760;JARDIN NUCLEO 13 ;CAPIANGO DE QUIROGA S/N;M;EL PORTEZUELO;55;N
;2º;4600759;JARDIN NUCLO 17 ;MENDOZA S/N;M-T;CHAMICAL;;L
medio;;;;;;;;
;;4600777;Centro de Educación Física N° 4;;;Villa Unión;40;H
;;4600199;Colegio Pcial. R.V. Peñaloza;AV. PERON S/N;;Villa Unión;40;H
;;4600320;Escuela Profesional Mixta;LAS CARRERAS Bº TROYANOS;;Vinchina;55;K
;;4600319;Colegio Secundario ;CARLOS SAUL MENEN Bº LAS PIEDRITAS;;Vinchina;55;K
;;4600251;Colegio Secund. Agrotécnico Dr. Carlos S. Menem;18 DE NOVIEMBRE S/N;;Villa Castelli;70;G
;;4600754;Centro de Educacion Física N° 7;;;Guandacol;100;H
;;4600159;Colegio Secundario Mons. E. Angelelli;SAN MARTIN S/N;;Guandacol;100;H
;;4600755;Centro de Educacion Física N° 8;;;Pagancillo;55;H
;;4600540;Colegio Secundario Prof. Ana Maria Morales;AV. 24 DE SEPTIEMBRE;;Pagancillo;55;H
;;4600168;Colegio Secundario Arsenio Salinas;CALLE PRINCIPAL S/N;;Aicuña;100;H
;;4600177;CEJA (Bachillerato para Adultos);;;Villa Unión;40;H
;;4600758;CASC (Cent. Animac. Soc. Cultural);;;Villa Unión;40;H
;;4600762;Cent. Animac. Soc. Cultural;;;Villa Castelli;70;G
;;4600252;CEJA (Bachillerato para Adultos);;;Villa Castelli;70;G
;;4600804;Cent. Animac. Soc. Cultural;;;Guandacol;100;H
;;4600240;Centro Polivalente de Arte;ADOLFO E. DAVILA 195;;Chilecito;;D
;;4600198;Escuela Pcial. De Comercio;Maxino Martinez y  Castro Barros;;Chilecito;;D
;;4600207;Cent. de Educacion Física N°2;Vicente Almonacid N° 351;;Chilecito;;D
;;4600233;E. P. E. T.  N° 2;ANGEL V. PEÑALOZA 92;;Chilecito;;D
;;4600231;E. P. E. T.  N° 1;Leovino D. Martinez esq. Alb. Cavero;;Chilecito;;D
;;4600226;Escuela Normal Superior;ALBERTO G. OCAMPO 48;;Chilecito;;D
;;4600237;Colegio Secundario;Bolivar S/N;;Nonogasta;30;D
;;4600179;Escuela Pcial. De Comercio;Joaquin V. Gonzalez S/N;;Nonogasta;30;D
;;4600119;Escuela Pcial. De Comercio;CALLE PRINCIPAL S/N;;Famatina;30;E
;;4600689;Misión Monotecnica N° 1;;;Famatina;30;E
;;4600137;Escuela Agropecuaria;RUTA NAC. Nº 40 S/N;;Famatina;30;E
;;4600663;Centro de Educacion Agrícola;;;Famatina;30;E
;;4600313;Colegio Pcial. Jose Manuel Estrada;Barrio Juan D. Peron S/N;;Vichigasta;30;D
;;4600177;Colegio Secundario;Gral. San Martin de Guemes N° 85;;Anguinan;30;D
;;4600134;Colegio Secundario San Jose de Capmanas;Calle Principal S/N B° san Nicolas;;Campanas;55;E
;;4600136;Colegio Secundario;SANTO DOMINGO S/N;;Pituil;55;E
;;4600311;Colegio Secundario;CAMINO DEL PEREGRINO S/N;;Malligasta;30;D
;;4600136;Coleg. Secund. Anexo Pituil;SANTO DOMINGO S/N;;Santa Cruz;100;E
;;4600799;Cent. Educ.Rosario Ocampo de Iribarren;Calle 21 de Septiembre S/N;;Nonogasta;30;D
;;4600866;Colegio Sec.Pcial. Nº 16;24 DE ABRIL Y 15 DE JUNIO B° ALTOS DE Chilecito;;Chilecito;;D
;;4600886;Taller de Espec. “Mi Nuevo Sueño” ;;;Campanas;55;E
;;4600234;CEJA (EVA DUARTE DE PERON);;;Chilecito;;D
;;4600236;CEJA (Bachillerato para Adultos);;;Nonogasta;30;D
;;4600794;Cent. Educ. Jov. Y Adulto;;;Famatina;70;E
;;4600794;Cent. Educ. Jov. Y Adulto;;;Pituil;55;E
;;4600133;Escuela Agrotécnica;SEVERO CHUMBITA S/Nº;;Machigasta;30;A
;;4600790;Esc. De Enseñanza Artística;;;Aimogasta;30;A
;;4600073;Colegio Pcial. Sánchez Oviedo;20 DE MAYO 650;;Aimogasta;30;A
;;4600839;Colegio Provincial;JOAQUÍN V. G S/N ;;Anjullón;30;C
;;4600128;Escuela Agropecuaria;RUTA 75 KM 72;;Pinchas;30;C
;;4600116;Colegio Provincial;AV. CESAR VALLEJO S/N;;Villa Mazan;30;A
;;4600146;Colegio Provincial;LA PLATA S/Nº ANILLACO;;Anillaco;30;C
;;4600490;Centro Educativo;;;Villa Mazan;30;A
;;4600885;Anexo Sánchez Oviedo “Pcia de Salta”;ver tena colegio;;Aimogasta;;A
;;4600803;Colegio Provincial;AV. PEDRO I. DE CASTRO BARROS;;Aminga;30;C
;;4600885;Colegio Provincial N° 17;Aimogasta;;Talacan;;A
;;4600046;CEJA (Bachillerato para Adultos);;;Aimogasta;;A
;;4600763;Cent. Anim. Socio Cultural;;;Los Sauces;30;R
;;4600765;Cent. Anim. Socio Cultural;;;Los Molinos;40;C
;;4600108;CEJA (Bachillerato para Adultos);;;Los Sauces;30;R
;;;;;;;;
;;4600066;Colegio Básico Secundario;CARLOS ALVAREZ S/Nº ;;Sanagasta;30;P
;;4600061;Colegio Provincial N° 1;SAN NICOLAS DE BARI (O)N° 763;M-T-N;Capital;;B
;;4600058;Colegio Provincial N° 2;BASE MARGARITA Y 2 DE ABRIL;;Capital;;B
;;4600064;Colegio Provincial N° 3;30 DE SEPTIEMBRE S/N;;Capital;;B
;;4600156;Colegio Provincial Nº 4;BONDEMBENDER Y LAS HERAS S/N Bº 12 DE JUNIO;;Capital;;B
;;4600221;Colegio Pcial. Politécnico;JOAQUIN V. GONZALEZ 230;;Capital;;B
;;4600187;E.P.E.T. N° 1;AVDA. JUAN D. PERON Nº 1117;M-T;Capital;;B
;;4600223;E.P.E.T. N° 2 ;AVDA. JUAN D.PERON Nº 820;M-T;Capital;;B
;;4600049;Escuela Pcial. Comercio N° 1;25 DE MAYO ESQ SAN ISIDRO;M-T-N;Capital;;B
;;4600197;Escuela Pcial. Comercio N° 2;JOSE OYOLA ESQ. BAZAN Y BUSTOS B° SAN VICENTE;M-T;Capital;;B
;;4600645;Centro Formación Prof. N° 2;;;Capital;;B
;;4600766;Centro Educación Física N° 5;;;Capital;;B
;;4600208;Esc. Normal Sup. P.I. Castro B;RIVADAVIA Y TAJAMAR;M-T;Capital;;B
;;4600186;Escuela de Operadores Topog;Cabo 1° Pérez y Jeréz B° Alta Rioja ;;Capital;;B
;;4600081;Centro Polivalente de Arte;SECTOR 5 PEATONAL 500 Bº HOSPITAL;M-T;Capital;;B
;;4600809;Colegio Provincial N° 8;JULIO CAMPOS S/Nº Bº 20 DE MAYO;;Capital;;B
;;4600810;Colegio Provincial N° 9;AVDA. SAN FRANCISCO LA QUEBRADA;;Capital;10;B
;;4600811;Colegio Provincial N° 10;APOSTOL PEDRO Y APOSTOL SAN JUDAS TADEO B° SAN CAYETANO;;Capital;;B
;;4600838;Colegio Provincial N° 14;CHEPES S/N B° SAN JOSÉ OBRERO;;Capital;;B
;;4600865;Colegio Provincial Nº 15;Indio Sanagua esq. Lucena - B° YACAMPIS;;Capital;;B
;;4600219;Esc. N° 247 “San Francisco”;Bazan y Bustos N° 661;;Capital;;B
;;4600819;Colegio Provincial Nº 12;Felipe Ibarra S/N B° Nueva Rioja;;Capital;;B
;;4600831;Colegio Provincial N° 7;AVDA. SAN NICOLAS DE BARI ESTE;;Capital;;B
;;4600528;Coleg. Secund. “Alberto Breyer”;AVDA. PERON;;Patquia;30;M
;;4600818;Colegio Provincial N° 11;RUTA Nº 5 Km 10 Colonia Frutihortícola;;Capital;40;B
;;4600820;Colegio Provincial N° 13;Ramón Navarro S/N Bº FALDEO DEL VELAZCO SUR;;Capital;;B
;;;Escuela I. R. S.;;;Capital;;B
;;4600807;Colegio Provincial N° 5;CALLE 26 ESQ. LOMA BLANCA S/Nº;;Capital;;B
;;4600808;Colegio Provincial N° 6;CALLE PÚBLICA Bº MARIA AUGUSTA;;Capital;10;B
;;4600882;Colegio Provincial N° 18;RICARDO QUIROGA S/N URBANO 40;;Capital;;B
;;4600889;Colegio Provincial N° 19;B° NESTOR KIRCHNER;;Capital;;B
;;4600900;Colegio Provincial N° 20;B° LAS AGAVES;;Capital;;B
;;4600904;Colegio Provincial N° 21;RUTA Nº 5 KM 50;;san lorenzo;100;B
;;4600904;Colegio Provincial N° 21;RUTA Nº 6 EL BARRIAL;;el barrial;100;B
;;;EQUIPOS TECNICOS - CASA CENTRAL;Catamarca N° 65;M-T;Capital;;B
;;;EQUIPOS TECNICOS - CASA CENTRAL;Catamarca N° 65;M-T;Capital;;B
;;;EQUIPOS TECNICOS - CASA CENTRAL;Catamarca N° 65;M-T;Capital;;B
;;4600216;C.E.N.S. N° 150;;;Capital;;B
;;4600191;C.E.J.A. N° 187;;;Capital;;B
;;4600154;C.E.N.S. N° 326;;;Capital;;B
;;4600779;Centro de Formación Laboral;;;Capital;;B
;;;Formación y Empleo p/ Jóvenes;;;Capital;;B
;;4600328;Escuela Tecnica Agropecuaria EMETA;RUTA N° 25 KM 4 - PARAJE SAN BARTOLO;;Chamical;40;L
;;4600752;Centro de Educacion Física N° 1 ;;;Chamical;;L
;;4600301;Escuela Polivalente de Arte;CARLOS DE DIOS MURIAS Nº 169;;Chamical;;L
;;4600298;Escuela Provincial de Comercio;GABRIEL LONGUIVILLE Nº 69;;Chamical;;L
;;4600299;E. P. E. T.  N° 1;Córdoba N° 445;;Chamical;;L
;;4600757;Misión Monotécnica n°58;;;Olta;10;F
;;4600773;Centro de Educacion Física N° 6;;;Olta;10;F
;;4600494;Esc. Normal Sup. “Rep.de Haiti”;JOSE SALINAS Nº 348;;Olta;10;F
;;4600527;Coleg. Provincial Abel Bazán Y Bustos;RUTA Nº 29 ACCESO NORTE;M-T;Tama;30;S
;;4600469;Colegio secundario;PUNTA DE LOS LLANOS;;P. de los Llanos;30;S
;;4600492;Colegio Secundario;AV. ÁNGEL V. PEÑALOZA S/N LOMA BLANCA;;Loma Blanca;40;F
;;4600876;CASC (centro de Anim. Soc Cultural);;;Olta;;F
;;4600875;CEJA ( Bachillerato para Adultos);;;Olta;;F
;;4600895;Instituto de Educación Técnica N° 1;;;Olta;10;F
;;4600256;Bachillerato Para Adultos;;;Chamical;;L
;;4600876;CASC (centro de Anim. Soc Cultural);;;Olta;;F
;;4600875;CEJA ( Bachillerato para Adultos);;;Olta;;F
;;4600753;Centro de Educacion Física N°3;;;Chepes;;O
;;4600480;E. P. E. T.  N° 1;ROQUE SAENZ PEÑA S/N;;Chepes;;O
;;4600417;Colegio Provincial;JOAQUÍN V. GONZÁLEZ N° 255;;Chepes;;O
;;4600479;Escuela Normal Superior;CASTRO BARROS Nº 550;;Chepes;;O
;;4600519;Colegio Secundario;CALLE PUBLICA S/Nº ;;El Portezuelo;55;N
;;4600515;Colegio Provincial J.Z. Agüero Vera;MOSEÑOR ANGELELLI S/N;;Malanzan;40;N
;;4600516;Colegio Secundario;PARAJE NIÑO ALCALDE;;Nacate;70;N
;;4600387;Escuela Agrotécnica;ELTOTORAL;;El Totoral;120;O
;;;Exp. Pilot. Itinerante;;;Nacate;70;N
;;4600794;Prog. De Educ. A Distancia Adul;;;San Martin;30;J
;;;Centro Cultural Joaquín V González;;;Chepes;;O
;;4600479;Escuela Normal extension aulica villacasana;VILLA CASANA;;Villa Casana;100;O
;;4600470;Escuela de Comercio;AV. SAN MARTIN;;Ulapes;30;O
;;4600468;Escuela Agropecuaria GRAL. MANUEL BELGRANO;AV. SAN MARTÍN;;Ulapes;30;O
;;4600468;ver nombre institucion;AV. SAN MARTÍN;;Ulapes;30;J
;;4600826;COLEGIO SECUNDARIO EL CADILLO ;EL CADILLO;;Ulapes;120;J
;;4600481;CEJA (Bachillerato para Adultos);;;Chepes;;O
;;4600517;CEJA (Bachillerato Para Adultos);;;El Portezuelo;55;N
;;4600483;Colegio Secundario;SARMIENTO N° 126;;Milagro;30;I
;;4600484;Escuela Pcial. De Comercio;SARMIENTO Nº 126;;Milagro;30;I
;;4600430;Colegio Secundario;SANTA RITA DE CATUNA;;Catuna;40;I
;;4600478;Colegio Secundario;FACUNDO QUIROGA S/Nº;;Desiderio Tello;40;O
;;4600521;Colegio Secundario;CASTRO BARROS S/Nº;;Olpas;70;I
;;4600437;Colegio Secundario;AMBIL;;Ambil;70;I
;;4600424;Bachillerato para Adultos;;;Milagro;30;I
;;4600429;CEJA (Centro Educ. para Jov. Y Adultos;;;Catuna;40;I
;;;C.A.S.C;;;Milagro;30;I
superior;;;;;;;;
;;;SEDE SUPERVISION ZONA I;;;VILLA UNION;40;H
;;4600201;I.S.F.D.” Dr. Eusebio N. Páez”;;;Villa Unión;40;H
;;4600321;I.S.F.D. Y T. P.;;;Vinchina;55;K
;;4600325;I.S.F.D Prof. Victor Mauricio Quintero;18 de noviembre s/n;;Villa Castelli;70;G
;;4600846;I.S.F.D. Y T. Gral Felipe Varela;;;Guandacol;100;H
;;;SEDE SUPERVISION ZONA II;;;CHILECITO;;D
;;4600230;I.S.F.D. “Alberto G. Cavero;Leovino D. Martinez N° 160;;Chilecito;;D
;;4600817;I.S.F.D. “Joaquín V. González”;Alberto G. Ocampo N° 48;;Chilecito;;D
;;4600140;I.S.F.D. Y T.;19 de Abril S/N;;Famatina;30;E
;;4600317;I.S.F.T.;;;Nonogasta;30;D
;;4600316;I.S.F.D.;;;Sañogasta;30;D
;;4600847;I.S.F.T.P ;Victoria Romero S/N;;Pituil;55;E
;;;SEDE SUPERVISION ZONA III;;;AIMOGASTA;;A
;;4600950;I.S.F.D. Lengua e Historia(Severo Chumbita);;;Aimogasta;;A
;;4600122;I.S.F.D. “Madre Teresa de Calcuta”;;;Anjullon;30;C
;;4600106;I.S.F.D;;;Los Robles;30;R
;;;;;;;;
;;;MIEMBROS DE JUNTA ;Bulnes y Caja de Ahorro B° Evita;M-T;Capital;;B
;;4600467;ISFD Alberto Cavero;;;Patquía;30;B
;;4600188;I.S.F.D. “Prof. Ricardo Viñas”;;M-T;Capital;;B
;;4600053;I.S.F.D. “Albino S.  Barros”;;M-T-N;Capital;;B
;;4600060;I.S.F.D Y T. Prof. Alberto Mario Crulcich;Santa Fe esq. Hipolito Irigoyen;M-T-N;Capital;;B
;;4600182;I.S.F.D. “Dra. Carolina T. García”;Avda. Facundo Quiroga ;M-T;Capital;;B
;;4600740;I.S.F.T “Otto Krausse”;;;Capital;;B
;;4600821;I.S.F.D. “P. I. Castro Barros;;;Capital;;B
;;4600740;I.S.F.T “BRIGADIER JUAN F. QUIROGA”;;M-T;Capital;;B
;;;EQUIPOS TECNICOS - CASA CENTRAL;Catamarca N° 65;M-T;Capital;;B
;;;EQUIPOS TECNICOS - CASA CENTRAL;Catamarca N° 65;M-T;Capital;;B
;;;EQUIPOS TECNICOS - CASA CENTRAL;Catamarca N° 65;M-T;Capital;;B
;;;SEDE SUPERVISION ZONA V;;;Chamical;;L
;;4600330;I.S.F.D. “Teresa Cavero”;;;Chamical;;L
;;4600491;I.S.F.D. “Artemio Moreno”;;;Olta;10;F
;;4600488;I.S.F.T. “Victoria Romero”;;;Tama;30;S
;;4600332;I.S.F.D. “Marta Estela Barrera de Artaza”;;;Chañar;40;F
;;4600732;I.S.F.D “José Salinas”;;;Olta;10;F
;;;SEDE SUPERVISION ZONA VI;;;CHEPES;;O
;;4600415;I.S.F.T.P. “Brigadier Juan F. Quiroga;;;Chepes;;O
;;4600472;I.S.F.D.de Educacion Inicial;;;Chepes;;O
;;4600416;I.S.F.D. De Lengua e Historia;;;Chepes;;O
;;4600502;I.S.F.T. y D. PRESBITERO LUIS PRADELLA;;;Malanzan;40;N
;;4600733;I.S.F.D. “Juan F. Quiroga”;;;Chepes;;O
;;4600465;ISFD Ariel Ferraro;;;Ulapes;30;J
;;;SEDE SUPERVISION ZONA VII;;;MILAGRO;40;I
;;4600482;I.S.F.D. “Ceferino Quintiero”;;;Milagro;30;I
;;4600428;I.S.F.T. (TECNICATURA);;;Catuna;40;I
;;4600140;I.S.F.T;;;Desiderio Tello;40;O
;;4600777;Centro de Educación Física N° 4;;;Villa Unión;40;H
;;4600199;Colegio Pcial. R.V. Peñaloza;AV. PERON S/N;;Villa Unión;40;H
;;4600320;Escuela Profesional Mixta;LAS CARRERAS Bº TROYANOS;;Vinchina;55;K
;;4600319;Colegio Secundario ;CARLOS SAUL MENEN Bº LAS PIEDRITAS;;Vinchina;55;K
;;4600251;Colegio Secund. Agrotécnico Dr. Carlos S. Menem;18 DE NOVIEMBRE S/N;;Villa Castelli;70;G
;;4600754;Centro de Educacion Física N° 7;;;Guandacol;100;H
;;4600159;Colegio Secundario Mons. E. Angelelli;SAN MARTIN S/N;;Guandacol;100;H
;;4600755;Centro de Educacion Física N° 8;;;Pagancillo;55;H
;;4600540;Colegio Secundario Prof. Ana Maria Morales;AV. 24 DE SEPTIEMBRE;;Pagancillo;55;H
;;4600168;Colegio Secundario Arsenio Salinas;CALLE PRINCIPAL S/N;;Aicuña;100;H
;;4600325;I.S.F.D Prof. Victor Mauricio Quintero;18 de noviembre s/n;;Villa Castelli;70;G
;;4600177;CEJA (Bachillerato para Adultos);;;Villa Unión;40;H
;;4600758;CASC (Cent. Animac. Soc. Cultural);;;Villa Unión;40;H
;;4600762;Cent. Animac. Soc. Cultural;;;Villa Castelli;70;G
;;4600252;CEJA (Bachillerato para Adultos);;;Villa Castelli;70;G
;;4600804;Cent. Animac. Soc. Cultural;;;Guandacol;100;H
;;4600240;Centro Polivalente de Arte;ADOLFO E. DAVILA 195;;Chilecito;;D
;;4600198;Escuela Pcial. De Comercio;Maxino Martinez y  Castro Barros;;Chilecito;;D
;;4600207;Cent. de Educacion Física N°2;Vicente Almonacid N° 351;;Chilecito;;D
;;4600233;E. P. E. T.  N° 2;ANGEL V. PEÑALOZA 92;;Chilecito;;D
;;4600231;E. P. E. T.  N° 1;Leovino D. Martinez esq. Alb. Cavero;;Chilecito;;D
;;4600226;Escuela Normal Superior;ALBERTO G. OCAMPO 48;;Chilecito;;D
;;4600237;Colegio Secundario;Bolivar S/N;;Nonogasta;30;D
;;4600179;Escuela Pcial. De Comercio;Joaquin V. Gonzalez S/N;;Nonogasta;30;D
;;4600119;Escuela Pcial. De Comercio;CALLE PRINCIPAL S/N;;Famatina;30;E
;;4600689;Misión Monotecnica N° 1;;;Famatina;30;E
;;4600137;Escuela Agropecuaria;RUTA NAC. Nº 40 S/N;;Famatina;30;E
;;4600663;Centro de Educacion Agrícola;;;Famatina;30;E
;;4600313;Colegio Pcial. Jose Manuel Estrada;Barrio Juan D. Peron S/N;;Vichigasta;30;D
;;4600177;Colegio Secundario;Gral. San Martin de Guemes N° 85;;Anguinan;30;D
;;4600134;Colegio Secundario San Jose de Capmanas;Calle Principal S/N B° san Nicolas;;Campanas;55;E
;;4600136;Colegio Secundario;SANTO DOMINGO S/N;;Pituil;55;E
;;4600311;Colegio Secundario;CAMINO DEL PEREGRINO S/N;;Malligasta;30;D
;;4600136;Coleg. Secund. Anexo Pituil;SANTO DOMINGO S/N;;Santa Cruz;100;E
;;4600799;Cent. Educ.Rosario Ocampo de Iribarren;Calle 21 de Septiembre S/N;;Nonogasta;30;D
;;4600866;Colegio Sec.Pcial. Nº 16;24 DE ABRIL Y 15 DE JUNIO B° ALTOS DE Chilecito;;Chilecito;;D
;;4600886;Taller de Espec. “Mi Nuevo Sueño” ;;;Campanas;55;E
;;4600230;I.S.F.D. “Alberto G. Cavero;Leovino D. Martinez N° 160;;Chilecito;;D
;;4600817;I.S.F.D. “Joaquín V. González”;Alberto G. Ocampo N° 48;;Chilecito;;D
;;4600140;I.S.F.D. Y T.;19 de Abril S/N;;Famatina;30;E
;;4600847;I.S.F.T.P ;Victoria Romero S/N;;Pituil;55;E
;;4600234;CEJA (EVA DUARTE DE PERON);;;Chilecito;;D
;;4600236;CEJA (Bachillerato para Adultos);;;Nonogasta;30;D
;;4600794;Cent. Educ. Jov. Y Adulto;;;Famatina;70;E
;;4600794;Cent. Educ. Jov. Y Adulto;;;Pituil;55;E
;;4600133;Escuela Agrotécnica;SEVERO CHUMBITA S/Nº;;Machigasta;30;A
;;4600790;Esc. De Enseñanza Artística;;;Aimogasta;30;A
;;4600073;Colegio Pcial. Sánchez Oviedo;20 DE MAYO 650;;Aimogasta;30;A
;;4600839;Colegio Provincial;JOAQUÍN V. G S/N ;;Anjullón;30;C
;;4600128;Escuela Agropecuaria;RUTA 75 KM 72;;Pinchas;30;C
;;4600116;Colegio Provincial;AV. CESAR VALLEJO S/N;;Villa Mazan;30;A
;;4600146;Colegio Provincial;LA PLATA S/Nº ANILLACO;;Anillaco;30;C
;;4600490;Centro Educativo;;;Villa Mazan;30;A
;;4600885;Anexo Sánchez Oviedo “Pcia de Salta”;;;Aimogasta;;A
;;4600803;Colegio Provincial;AV. PEDRO I. DE CASTRO BARROS;;Aminga;30;C
;;4600885;Colegio Provincial N° 17;Aimogasta;;Talacan;;A
;;4600046;CEJA (Bachillerato para Adultos);;;Aimogasta;;A
;;4600763;Cent. Anim. Socio Cultural;;;Los Sauces;30;R
;;4600765;Cent. Anim. Socio Cultural;;;Los Molinos;40;C
;;4600108;CEJA (Bachillerato para Adultos);;;Los Sauces;30;R
;;4600066;Colegio Básico Secundario;CARLOS ALVAREZ S/Nº ;;Sanagasta;30;P
;;4600061;Colegio Provincial N° 1;SAN NICOLAS DE BARI (O)N° 763;M-T-N;Capital;;B
;;4600058;Colegio Provincial N° 2;BASE MARGARITA Y 2 DE ABRIL;;Capital;;B
;;4600064;Colegio Provincial N° 3;30 DE SEPTIEMBRE S/N;;Capital;;B
;;4600156;Colegio Provincial Nº 4;BONDEMBENDER Y LAS HERAS S/N Bº 12 DE JUNIO;;Capital;;B
;;4600221;Colegio Pcial. Politécnico;JOAQUIN V. GONZALEZ 230;;Capital;;B
;;4600187;E.P.E.T. N° 1;AVDA. JUAN D. PERON Nº 1117;M-T;Capital;;B
;;4600223;E.P.E.T. N° 2 ;AVDA. JUAN D.PERON Nº 820;M-T;Capital;;B
;;4600049;Escuela Pcial. Comercio N° 1;25 DE MAYO ESQ SAN ISIDRO;M-T-N;Capital;;B
;;4600197;Escuela Pcial. Comercio N° 2;JOSE OYOLA ESQ. BAZAN Y BUSTOS B° SAN VICENTE;M-T;Capital;;B
;;4600645;Centro Formación Prof. N° 2;;;Capital;;B
;;4600766;Centro Educación Física N° 5;;;Capital;;B
;;4600208;Esc. Normal Sup. P.I. Castro B;RIVADAVIA Y TAJAMAR;M-T;Capital;;B
;;4600186;Escuela de Operadores Topog;Cabo 1° Pérez y Jeréz B° Alta Rioja ;;Capital;;B
;;4600081;Centro Polivalente de Arte;SECTOR 5 PEATONAL 500 Bº HOSPITAL;M-T;Capital;;B
;;4600809;Colegio Provincial N° 8;JULIO CAMPOS S/Nº Bº 20 DE MAYO;;Capital;;B
;;4600810;Colegio Provincial N° 9;AVDA. SAN FRANCISCO LA QUEBRADA;;Capital;10;B
;;4600811;Colegio Provincial N° 10;APOSTOL PEDRO Y APOSTOL SAN JUDAS TADEO B° SAN CAYETANO;;Capital;;B
;;4600838;Colegio Provincial N° 14;CHEPES S/N B° SAN JOSÉ OBRERO;;Capital;;B
;;4600865;Colegio Provincial Nº 15;Indio Sanagua esq. Lucena - B° YACAMPIS;;Capital;;B
;;4600219;Esc. N° 247 “San Francisco”;Bazan y Bustos N° 661;;Capital;;B
;;4600819;Colegio Provincial Nº 12;Felipe Ibarra S/N B° Nueva Rioja;;Capital;;B
;;4600831;Colegio Provincial N° 7;AVDA. SAN NICOLAS DE BARI ESTE;;Capital;;B
;;4600528;Coleg. Secund. “Alberto Breyer”;AVDA. PERON;;Patquia;30;M
;;4600818;Colegio Provincial N° 11;RUTA Nº 5 Km 10 Colonia Frutihortícola;;Capital;40;B
;;4600820;Colegio Provincial N° 13;Ramón Navarro S/N Bº FALDEO DEL VELAZCO SUR;;Capital;;B
;;;Escuela I. R. S.;;;Capital;;B
;;4600807;Colegio Provincial N° 5;CALLE 26 ESQ. LOMA BLANCA S/Nº;;Capital;;B
;;4600808;Colegio Provincial N° 6;CALLE PÚBLICA Bº MARIA AUGUSTA;;Capital;10;B
;;4600882;Colegio Provincial N° 18;RICARDO QUIROGA S/N URBANO 40;;Capital;;B
;;4600889;Colegio Provincial N° 19;B° NESTOR KIRCHNER;;Capital;;B
;;4600900;Colegio Provincial N° 20;B° LAS AGAVES;;Capital;;B
;;4600904;Colegio Provincial N° 21;rutammmmmm;;;;
;;;MIEMBROS DE JUNTA ;Bulnes y Caja de Ahorro B° Evita;M-T;Capital;;B
;;4600060;I.S.F.D Y T. Prof. Alberto Mario Crulcich;Santa Fe esq. Hipolito Irigoyen;M-T-N;Capital;;B
;;4600182;I.S.F.D. “Dra. Carolina T. García”;Avda. Facundo Quiroga ;M-T;Capital;;B
;;;EQUIPOS TECNICOS - CASA CENTRAL;Catamarca N° 65;M-T;Capital;;B
;;;EQUIPOS TECNICOS - CASA CENTRAL;Catamarca N° 65;M-T;Capital;;B
;;;EQUIPOS TECNICOS - CASA CENTRAL;Catamarca N° 65;M-T;Capital;;B
;;4600216;C.E.N.S. N° 150;;;Capital;;B
;;4600191;C.E.J.A. N° 187;;;Capital;;B
;;4600154;C.E.N.S. N° 326;;;Capital;;B
;;4600779;Centro de Formación Laboral;;;Capital;;B
;;;Formación y Empleo p/ Jóvenes;;;Capital;;B
;;4600328;Escuela Tecnica Agropecuaria EMETA;RUTA N° 25 KM 4 - PARAJE SAN BARTOLO;;Chamical;40;L
;;4600752;Centro de Educacion Física N° 1 ;;;Chamical;;L
;;4600301;Escuela Polivalente de Arte;CARLOS DE DIOS MURIAS Nº 169;;Chamical;;L
;;4600298;Escuela Provincial de Comercio;GABRIEL LONGUIVILLE Nº 69;;Chamical;;L
;;4600299;E. P. E. T.  N° 1;Córdoba N° 445;;Chamical;;L
;;4600757;Misión Monotécnica n°58;;;Olta;10;F
;;4600773;Centro de Educacion Física N° 6;;;Olta;10;F
;;4600494;Esc. Normal Sup. “Rep.de Haiti”;JOSE SALINAS Nº 348;;Olta;10;F
;;4600527;Coleg. Provincial Abel Bazán Y Bustos;RUTA Nº 29 ACCESO NORTE;;Tama;30;S
;;4600469;Colegio secundario;PUNTA DE LOS LLANOS;;P. de los Llanos;30;S
;;4600492;Colegio Secundario;AV. ÁNGEL V. PEÑALOZA S/N LOMA BLANCA;;Loma Blanca;40;F
;;4600876;CASC (centro de Anim. Soc Cultural);;;Olta;;F
;;4600875;CEJA ( Bachillerato para Adultos);;;Olta;;F
;;4600256;Bachillerato Para Adultos;;;Chamical;;L
;;4600876;CASC (centro de Anim. Soc Cultural);;;Olta;;F
;;4600875;CEJA ( Bachillerato para Adultos);;;Olta;;F
;;4600753;Centro de Educacion Física N°3;;;Chepes;;O
;;4600417;Colegio Provincial;JOAQUÍN V. GONZÁLEZ N° 255;;Chepes;;O
;;4600479;Escuela Normal Superior;CASTRO BARROS Nº 550;;Chepes;;O
;;4600519;Colegio Secundario;CALLE PUBLICA S/Nº ;;El Portezuelo;55;N
;;4600515;Colegio Provincial J.Z. Agüero Vera;MOSEÑOR ANGELELLI S/N;;Malanzan;40;N
;;4600516;Colegio Secundario;PARAJE NIÑO ALCALDE;;Nacate;70;N
;;4600387;Escuela Aerotécnica;ELTOTORAL;;El Totoral;120;O
;;;Exp. Pilot. Itinerante;;;Nacate;70;N
;;4600451;Esc. N° 117;AGUA DE LA PIEDRA;;Agua de la Pied;55;O
;;4600461;Esc. N° 128;LA LAGUNA;;La Laguna;120;O
;;4600460;Esc. N° 132;EL RODEO;;La Aguada;120;O
;;4600376;Esc. N° 148;CARRAL DE ISSAC;;Corral de Isaac;120;J
;;4600463;Esc. N° 221;AGUA DE AGUIRRE;;Agua de Aguirre;120;O
;;4600340;Esc. N° 317;LA SUSPENSIÓN;;La Suspensión;120;J
;;4600450;Esc. N° 35;VILLA CASANA;;Villa Casana;100;O
;;4600396;Esc. N° 131;ALTO BAYO;;Alto Valle;120;O
;;4600794;Prog. De Educ. A Distancia Adul;;;San Martin;30;J
;;4600481;CEJA (Bachillerato para Adultos);;;Chepes;;O
;;4600517;CEJA (Bachillerato Para Adultos);;;El Portezuelo;55;N
;;4600483;Colegio Secundario;SARMIENTO N° 126;;Milagro;30;I
;;4600484;Escuela Pcial. De Comercio;SARMIENTO Nº 126;;Milagro;30;I
;;4600430;Colegio Secundario;SANTA RITA DE CATUNA;;Catuna;40;I
;;4600478;Colegio Secundario;FACUNDO QUIROGA S/Nº;;Desiderio Tello;40;O
;;4600521;Colegio Secundario;CASTRO BARROS S/Nº;;Olpas;70;I
;;4600437;Colegio Secundario;AMBIL;;Ambil;70;I
;;4600424;Bachillerato para Adultos;;;Milagro;30;I
;;4600429;CEJA (Centro Educ. para Jov. Y Adultos);;;Catuna;40;I
;;;C.A.S.C;;;Milagro;30;I
